Problem,volRedThreshold,Run_0,Run_1,Run_2
benchmark_problem_dRealExample,0.3,0.4348931312561035,0.33382105827331543,0.27176403999328613
benchmark_problem_meti25,0.3,0.10495996475219727,0.09391283988952637,0.11065196990966797
benchmark_problem_meti18,0.3,0.07800483703613281,0.06213998794555664,0.0482330322265625
